OrderID,ProductID,ProductName,Name,Quantity,Deadline,Component
__export__.mrp_production_3837_9d0480b5,1,[4022-666-65702(R1)]  LSPH coverplate stud block,[4022-666-65702(R1)]  LSPH coverplate stud block_1000.0,1000,2025-01-15 12:00:00,Available
__export__.mrp_production_1064_688e92e1,3,[7005-2480-0090]  METROFRAME BODY V02-00-B / 0119073001 ,[7005-2480-0090]  METROFRAME BODY V02-00-B / 0119073001 _4.0,4,2025-02-28 01:00:00,Available
__export__.mrp_production_1927_52ea08e3,5,[4022-671-49051]  Bpam cover,[4022-671-49051]  Bpam cover_66.0,66,2025-01-17 09:43:35,Available
__export__.mrp_production_1104_d3ae4426,7,[4022-651-55002A]  Gpas preamp CB Box + cover assy,[4022-651-55002A]  Gpas preamp CB Box + cover assy_27.0,27,2025-12-31 00:00:00,Available
__export__.mrp_production_1936_a4c4d921,9,[4022-333-11506]  lagerblok,[4022-333-11506]  lagerblok_300.0,300,2025-03-26 14:00:00,Available
__export__.mrp_production_3892_cec21dc3,11,[7351522]  Impact cover-6_rev-0 alleen base voor export-AP214.step,[7351522]  Impact cover-6_rev-0 alleen base voor export-AP214.step_1.0,1,2025-04-14 02:00:00,
__export__.mrp_production_4738_6a3434f8,12,[1508130 B]  [Q] excenter housing z,[1508130 B]  [Q] excenter housing z_140.0,140,2025-05-14 13:28:22,Available
__export__.mrp_production_4220_edb0630a,14,[349520-8007-000-0107]  BYPASS (BLOK),[349520-8007-000-0107]  BYPASS (BLOK)_89.0,89,2025-05-27 09:26:33,Available
__export__.mrp_production_4371_a96fc1a8,16,"[216121-0006]  fixing block, actuator","[216121-0006]  fixing block, actuator_10.0",10,2025-07-09 02:00:00,Available
__export__.mrp_production_4331_24679a18,18,[4022-656-73531]  Pipe clamp exhaust FW 1980,[4022-656-73531]  Pipe clamp exhaust FW 1980_86.0,86,2025-06-26 02:00:00,Available
__export__.mrp_production_4372_507a54db,20,[216121-0007]  YS gripper detect mirro block,[216121-0007]  YS gripper detect mirro block_71.0,71,2025-07-09 02:00:00,Available
__export__.mrp_production_4315_9685bbb0,22,[4022-637-24142]  HINGE BLOCK FIXED RF,[4022-637-24142]  HINGE BLOCK FIXED RF_44.0,44,2025-07-11 02:00:00,Available
__export__.mrp_production_4353_d89b44b5,14,[349520-8007-000-0107]  BYPASS (BLOK),[349520-8007-000-0107]  BYPASS (BLOK)_187.0,187,2025-07-24 02:00:00,Available
__export__.mrp_production_4488_2c73b7e5,24,[4022-656-74553]  Assy support guide FW 1980,[4022-656-74553]  Assy support guide FW 1980_50.0,50,2025-07-28 02:00:00,
__export__.mrp_production_1197_849443cd,25,[1082700B]  Block cooling water TMP,[1082700B]  Block cooling water TMP_68.0,68,2025-12-31 00:00:00,Available
__export__.mrp_production_4537_9e9f5b4c,27,[00385-00-321-A]  Plint fixing strip left,[00385-00-321-A]  Plint fixing strip left_189.0,189,2025-08-20 11:13:57,Available
__export__.mrp_production_4538_1037cce1,29,[00385-00-346-A]  Plint fixing strip right,[00385-00-346-A]  Plint fixing strip right_501.0,501,2025-08-20 11:14:05,Not Available
__export__.mrp_production_4370_ea015248,30,[216121-0005]  base wet stem quatro,[216121-0005]  base wet stem quatro_49.0,49,2025-09-19 02:00:00,Available
__export__.mrp_production_4694_32ee4fbd,32,[P1538-M9011-01]  Probe Holder TYPE AA,[P1538-M9011-01]  Probe Holder TYPE AA_2.0,2,2025-08-22 02:00:00,Exp 04/09/2025
__export__.mrp_production_4695_6a7cbaf5,34,[P1538-M9010-00]  Base_Plate,[P1538-M9010-00]  Base_Plate_2.0,2,2025-08-22 02:00:00,Available
__export__.mrp_production_4542_91f6e67f,36,[4022-635-87282]  LOCKING PLATE,[4022-635-87282]  LOCKING PLATE_428.0,428,2025-09-05 13:00:00,Available
__export__.mrp_production_4593_b4e857db,38,[4598-008-08901B POS 1]  CEILING INLET*,[4598-008-08901B POS 1]  CEILING INLET*_761.0,761,2025-12-31 00:00:00,Available
__export__.mrp_production_4501_d08a63ff,40,[4022.666.20971-TBRM MCH]  WTP IM MK6 BRACKET RING,[4022.666.20971-TBRM MCH]  WTP IM MK6 BRACKET RING_500.0,500,2025-09-02 02:00:00,Available
__export__.mrp_production_4808_a7f1fb7f,42,[4022.644.9779]  NXE NH Gripper LVL Tool Cover,[4022.644.9779]  NXE NH Gripper LVL Tool Cover_1.0,1,2025-09-02 09:34:29,Exp 16/09/2025
__export__.mrp_production_4654_d6430928,44,[4022.622.61761]  RH RED EBOX MONO,[4022.622.61761]  RH RED EBOX MONO_1.0,1,2025-09-04 02:00:00,Available
__export__.mrp_production_4751_66f93fbe,46,"[7005-2540-0007]  C beam v01-03 / 07201507 - Drawing in RED (40 x 40 x 5mm, welded tube)","[7005-2540-0007]  C beam v01-03 / 07201507 - Drawing in RED (40 x 40 x 5mm, welded tube)_16.0",16,2025-09-08 02:00:00,Available
__export__.mrp_production_4690_a8692658,48,[00385-00-102-C]  Height bearing clamp plate,[00385-00-102-C]  Height bearing clamp plate_374.0,374,2025-10-09 14:11:50,Available
__export__.mrp_production_4431_8f774222,50,[4022.689.94931]  RH RED DP PT LOWER COVER ,[4022.689.94931]  RH RED DP PT LOWER COVER _1.0,1,2025-09-12 02:00:00,Available
__export__.mrp_production_4432_1b0065fa,52,[4022.689.94981]  RH RED DP PT UPPER COVER ,[4022.689.94981]  RH RED DP PT UPPER COVER _1.0,1,2025-09-12 02:00:00,Exp 16/09/2025
__export__.mrp_production_4841_95fde8df,54,[4522-980-37891]  Filterplate al 5,[4522-980-37891]  Filterplate al 5_201.0,201,2025-09-18 11:00:00,Not Available
__export__.mrp_production_4876_25524b57,56,[S325F3116200B]  Bracket,[S325F3116200B]  Bracket_1.0,1,2025-09-19 11:00:00,Available
__export__.mrp_production_4891_fadea379,58,[1011113A]  Cord Bracket,[1011113A]  Cord Bracket_134.0,134,2025-09-19 02:00:00,Available
__export__.mrp_production_4543_067bdfa8,60,[BD50-5085-011-C]  bracket,[BD50-5085-011-C]  bracket_50.0,50,2025-10-08 02:00:00,Available
__export__.mrp_production_4878_21ea97fa,62,[7384477]  4023 006 59361-A-Mountblock left.stp,[7384477]  4023 006 59361-A-Mountblock left.stp_1.0,1,2025-09-17 02:00:00,Available
__export__.mrp_production_4879_80fcca25,64,[7385699]  4023 006 59351-A-Mountblock right.stp,[7385699]  4023 006 59351-A-Mountblock right.stp_1.0,1,2025-09-17 02:00:00,Exp 21/08/2025
__export__.mrp_production_4732_81664447,66,[4022-666-18121]  Distance Bush 1,[4022-666-18121]  Distance Bush 1_342.0,342,2025-09-25 02:00:00,Available
__export__.mrp_production_4415_77534b29,68,[4022.684.31521]  RH RED RZ BRAKE HOUSING ,[4022.684.31521]  RH RED RZ BRAKE HOUSING _3.0,3,2025-09-26 02:00:00,Exp 15/09/2025
__export__.mrp_production_4693_50d028d9,70,[RRDE.CAP]  Teflon lid for the RRDE cell / Metrohm / P1439-M0105-04,[RRDE.CAP]  Teflon lid for the RRDE cell / Metrohm / P1439-M0105-04_50.0,50,2025-09-26 02:00:00,Available
__export__.mrp_production_4875_38ec7d1f,72,[4022.622.61092]  RH RED GRIPPER CABLE COVER ,[4022.622.61092]  RH RED GRIPPER CABLE COVER _40.0,40,2025-11-03 01:00:00,Available
__export__.mrp_production_4851_6338f774,74,[Frameplate top new / VDM / P01830] Frameplate top new / VDM / P01830 ,[Frameplate top new / VDM / P01830] Frameplate top new / VDM / P01830 _2.0,2,2025-09-30 02:00:00,Exp 16/09/2025
__export__.mrp_production_4852_5e07b84d,76,[Motor plate / VDM / P01814] Motor plate / VDM / P01814 ,[Motor plate / VDM / P01814] Motor plate / VDM / P01814 _2.0,2,2025-09-30 02:00:00,Exp 16/09/2025
__export__.mrp_production_4853_7ee9a8ec,78,[Frameplate left new / VDM / P01829] Frameplate left new / VDM / P01829 ,[Frameplate left new / VDM / P01829] Frameplate left new / VDM / P01829 _2.0,2,2025-09-30 02:00:00,Exp 16/09/2025
__export__.mrp_production_4854_21c64061,79,[Frameplate chopcot plate / VDM / P01815] Frameplate chopcot plate / VDM / P01815 ,[Frameplate chopcot plate / VDM / P01815] Frameplate chopcot plate / VDM / P01815 _3.0,3,2025-09-30 02:00:00,Available
__export__.mrp_production_4855_05b1548f,81,[Frameplate right new / VDM / P01827A] Frameplate right new / VDM / P01827A ,[Frameplate right new / VDM / P01827A] Frameplate right new / VDM / P01827A _1.0,1,2025-09-30 02:00:00,Exp 16/09/2025
__export__.mrp_production_4856_212c5134,82,[Frame plate / VDM / P01813] Frame plate / VDM / P01813 ,[Frame plate / VDM / P01813] Frame plate / VDM / P01813 _1.0,1,2025-09-30 02:00:00,Exp 16/09/2025
__export__.mrp_production_4857_4ade3b7f,84,[Support Bar DTC6 / VDM / P01817] Support Bar DTC6 / VDM / P01817 ,[Support Bar DTC6 / VDM / P01817] Support Bar DTC6 / VDM / P01817 _2.0,2,2025-09-30 02:00:00,Available
__export__.mrp_production_4858_fa5e5df9,86,[Frameplate chopcot outer plate 6 holes / VDM / P01826] Frameplate chopcot outer plate 6 holes / VDM / P01826 ,[Frameplate chopcot outer plate 6 holes / VDM / P01826] Frameplate chopcot outer plate 6 holes / VDM / P01826 _3.0,3,2025-09-30 02:00:00,Exp 16/09/2025
__export__.mrp_production_4859_ec205d90,88,[Dancer fixation plate #1 / VDM / P01868] Dancer fixation plate #1 / VDM / P01868 ,[Dancer fixation plate #1 / VDM / P01868] Dancer fixation plate #1 / VDM / P01868 _1.0,1,2025-09-30 02:00:00,Available
__export__.mrp_production_4861_6f92590b,89,[Vertical bobbin brake top plate / VDM / P03105] Vertical bobbin brake top plate / VDM / P03105 ,[Vertical bobbin brake top plate / VDM / P03105] Vertical bobbin brake top plate / VDM / P03105 _5.0,5,2025-09-30 02:00:00,Exp 23/09/2025
__export__.mrp_production_4862_7676af0b,91,[Vertical bobbin brake bottom plate / VDM / P03106] Vertical bobbin brake bottom plate / VDM / P03106 ,[Vertical bobbin brake bottom plate / VDM / P03106] Vertical bobbin brake bottom plate / VDM / P03106 _5.0,5,2025-09-30 02:00:00,Exp 23/09/2025
__export__.mrp_production_4569_f584dd85,93,[4022-333-58791]  Filterhouder Cu 0.1,[4022-333-58791]  Filterhouder Cu 0.1_128.0,128,2025-08-19 13:00:00,Available
__export__.mrp_production_4647_f9f4acfc,95,[4022.632.63021]  WTP LOCKING NUT,[4022.632.63021]  WTP LOCKING NUT_1700.0,1700,2025-10-03 02:00:00,Available
__export__.mrp_production_4894_c0252ff7,97,[00429-00-662-B]  Arret lever,[00429-00-662-B]  Arret lever_400.0,400,2025-10-03 12:42:49,Exp 18/09/2025
__export__.mrp_production_4893_d2806c1c,99,[4022.704.19282]  RH RED GRIPPER BODY,[4022.704.19282]  RH RED GRIPPER BODY_14.0,14,2025-12-31 00:00:00,Available
__export__.mrp_production_4739_524a88c8,101,[7001-2580-0016]  Pusher Protect / FM / FM-02-012-B,[7001-2580-0016]  Pusher Protect / FM / FM-02-012-B_6.0,6,2025-10-06 02:00:00,Available
__export__.mrp_production_4740_9f35f3cd,103,[7001-2580-0017]  Pusher / FM / FM-02-011-B,[7001-2580-0017]  Pusher / FM / FM-02-011-B_6.0,6,2025-10-06 02:00:00,Not Available
__export__.mrp_production_4731_76da22f3,105,[4022-335-19371]  Filterhouder Ni 0.02mm,[4022-335-19371]  Filterhouder Ni 0.02mm_60.0,60,2025-10-07 02:00:00,Available
__export__.mrp_production_4869_1b77fe36,106,[00528-11649-A]  air bearing duct holder / FME,[00528-11649-A]  air bearing duct holder / FME_1.0,1,2025-10-08 02:00:00,Available
__export__.mrp_production_4870_41eb79f7,108,[00528-11764-A]  cover concave type 1 / FME,[00528-11764-A]  cover concave type 1 / FME_1.0,1,2025-10-08 02:00:00,Available
__export__.mrp_production_4741_f9eb701f,109,[4022.644.9778]  NXE LH Gripper LVLS Base,[4022.644.9778]  NXE LH Gripper LVLS Base_2.0,2,2025-10-09 02:00:00,Available
__export__.mrp_production_4683_3c974083,111,[BD50-5075-009-E]  bracket,[BD50-5075-009-E]  bracket_40.0,40,2026-02-13 01:00:00,Available
__export__.mrp_production_4873_a5eed2d5,112,[7005-2580-0010]  Cylinder bracket V01-00 / NFI / 27244703,[7005-2580-0010]  Cylinder bracket V01-00 / NFI / 27244703_8.0,8,2025-10-10 02:00:00,Exp 17/09/2025
__export__.mrp_production_4536_e5dc26fa,99,[4022.704.19282]  RH RED GRIPPER BODY,[4022.704.19282]  RH RED GRIPPER BODY_30.0,30,2025-10-15 02:00:00,Available
__export__.mrp_production_4684_d8802bab,114,[4022-680-5025]  MBI WS MK2 F&T BMA CONNECT,[4022-680-5025]  MBI WS MK2 F&T BMA CONNECT_10.0,10,2025-10-17 02:00:00,Available
__export__.mrp_production_4685_7369251b,115,[4022-680-5023]  MBI WS MK2 F&T BMA CONNECT 1,[4022-680-5023]  MBI WS MK2 F&T BMA CONNECT 1_10.0,10,2025-10-17 02:00:00,Available
__export__.mrp_production_4860_dddc055a,117,[Dancer fixation plate #2 / VDM / P01869] Dancer fixation plate #2 / VDM / P01869 ,[Dancer fixation plate #2 / VDM / P01869] Dancer fixation plate #2 / VDM / P01869 _1.0,1,2025-09-30 02:00:00,
__export__.mrp_production_4897_d1edef27,118,[P1571-M1000-05]  Cap for flat Cell / METROHM ,[P1571-M1000-05]  Cap for flat Cell / METROHM _5.0,5,2025-09-30 02:00:00,
__export__.mrp_production_4898_23d86692,119,[P1571-M1001-02]  Plug / METROHM ,[P1571-M1001-02]  Plug / METROHM _5.0,5,2025-09-30 02:00:00,
__export__.mrp_production_4703_9eee2266,120,[4022.699.1863]  HALFFAB M TRANSP LCK VERT / HQ / 104011396,[4022.699.1863]  HALFFAB M TRANSP LCK VERT / HQ / 104011396_4.0,4,2025-10-21 02:00:00,Available
__export__.mrp_production_4691_3c5f5e7b,122,[00385-00-113A]  Tensioner plate,[00385-00-113A]  Tensioner plate_712.0,712,2025-10-31 14:14:21,Exp 08/09/2025
__export__.mrp_production_4692_3ecd6c55,124,[00385-00-320-A]  Plint adjust strip,[00385-00-320-A]  Plint adjust strip_633.0,633,2025-10-31 14:15:01,Available
__export__.mrp_production_4704_415872a2,101,[7001-2580-0016]  Pusher Protect / FM / FM-02-012-B,[7001-2580-0016]  Pusher Protect / FM / FM-02-012-B_3.0,3,2025-10-06 02:00:00,
__export__.mrp_production_4705_f8b0b68e,103,[7001-2580-0017]  Pusher / FM / FM-02-011-B,[7001-2580-0017]  Pusher / FM / FM-02-011-B_3.0,3,2025-10-06 02:00:00,
__export__.mrp_production_4706_63e7696a,126,[7001-2580-0018]  Mountblock / FM / FM-02-013-B,[7001-2580-0018]  Mountblock / FM / FM-02-013-B_18.0,18,2025-10-06 02:00:00,
__export__.mrp_production_4707_c2d8357f,127,[7001-2580-0019]  Monitor Support / FM / FM-02-046-B,[7001-2580-0019]  Monitor Support / FM / FM-02-046-B_6.0,6,2025-10-06 02:00:00,
__export__.mrp_production_4708_7cdb1251,128,[7001-2580-0020]  Monitor Support 2 / FM / FM-02-045-B,[7001-2580-0020]  Monitor Support 2 / FM / FM-02-045-B_6.0,6,2025-10-06 02:00:00,
__export__.mrp_production_4709_2da0f3c6,129,[7001-2580-0021]  PARKING BLOCK / FM / FM-02-048-B,[7001-2580-0021]  PARKING BLOCK / FM / FM-02-048-B_3.0,3,2025-10-06 02:00:00,
__export__.mrp_production_4710_76215321,130,[7001-2580-0022]  HOLDER CREDIT CARD / FM / FM-02-007-C,[7001-2580-0022]  HOLDER CREDIT CARD / FM / FM-02-007-C_3.0,3,2025-10-06 02:00:00,
__export__.mrp_production_4711_0cc474b4,131,[7001-2580-0023]  TOP PLATE / FM / FM-02-003-C,[7001-2580-0023]  TOP PLATE / FM / FM-02-003-C_3.0,3,2025-10-06 02:00:00,
__export__.mrp_production_4712_b707d3ab,132,[7001-2580-0024]  LIGHT L BRACKET / FM / FM-02-030-B,[7001-2580-0024]  LIGHT L BRACKET / FM / FM-02-030-B_3.0,3,2025-10-06 02:00:00,
__export__.mrp_production_4713_fb7fe3d2,133,[7001-2580-0025]  Holder Lamp / FM / FM-02-037-B,[7001-2580-0025]  Holder Lamp / FM / FM-02-037-B_3.0,3,2025-10-06 02:00:00,
__export__.mrp_production_4714_8a363a61,134,[7001-2580-0026]  Holder Fresnell / FM / FM-02-035-B,[7001-2580-0026]  Holder Fresnell / FM / FM-02-035-B_3.0,3,2025-10-06 02:00:00,
__export__.mrp_production_4715_c1c16cea,135,[7001-2580-0027]  Holder Iris / FM / FM-02-036-B,[7001-2580-0027]  Holder Iris / FM / FM-02-036-B_3.0,3,2025-10-06 02:00:00,
__export__.mrp_production_4716_4c4a0d26,136,[7001-2580-0028]  Optics Mount / FM / FM-02-038-B,[7001-2580-0028]  Optics Mount / FM / FM-02-038-B_6.0,6,2025-10-06 02:00:00,
__export__.mrp_production_4717_909fa156,137,[7001-2580-0029]  Mirror Holder / FM / FM-02-033-B,[7001-2580-0029]  Mirror Holder / FM / FM-02-033-B_6.0,6,2025-10-06 02:00:00,
__export__.mrp_production_4718_523d3f73,138,[7001-2580-0030]  Lens Fix / FM / FM-02-009-B,[7001-2580-0030]  Lens Fix / FM / FM-02-009-B_6.0,6,2025-10-06 02:00:00,
__export__.mrp_production_4719_723f6c05,139,[7001-2580-0031]  Lens Mechanism 2 / FM / FM-02-004-B,[7001-2580-0031]  Lens Mechanism 2 / FM / FM-02-004-B_3.0,3,2025-10-06 02:00:00,
__export__.mrp_production_4720_659c05f3,140,[7001-2580-0032]  Lens Support / FM / FM-02-042-B,[7001-2580-0032]  Lens Support / FM / FM-02-042-B_3.0,3,2025-10-06 02:00:00,
__export__.mrp_production_4721_0539c99d,141,[7001-2580-0033]  Detector Mount / FM / FM-02-044-B,[7001-2580-0033]  Detector Mount / FM / FM-02-044-B_3.0,3,2025-10-06 02:00:00,
__export__.mrp_production_4722_444501b5,142,[7001-2580-0034]  Base / FM / FM-02-018-B,[7001-2580-0034]  Base / FM / FM-02-018-B_3.0,3,2025-10-06 02:00:00,
__export__.mrp_production_4723_555adf8b,143,[7001-2580-0035]  SA Housing / FM / FM-02-017-B,[7001-2580-0035]  SA Housing / FM / FM-02-017-B_3.0,3,2025-10-06 02:00:00,
__export__.mrp_production_4724_1d73f816,144,[7001-2580-0036]  LS Actuator Arm / FM / FM-02-029-B,[7001-2580-0036]  LS Actuator Arm / FM / FM-02-029-B_3.0,3,2025-10-06 02:00:00,
__export__.mrp_production_4725_e97cad43,145,[7001-2580-0037]  SA Lens Mount / FM / FM-02-020-B,[7001-2580-0037]  SA Lens Mount / FM / FM-02-020-B_3.0,3,2025-10-06 02:00:00,
__export__.mrp_production_4726_28598974,146,[7001-2580-0038]  Swing / FM / FM-02-019-B,[7001-2580-0038]  Swing / FM / FM-02-019-B_3.0,3,2025-10-06 02:00:00,
__export__.mrp_production_4727_c2b6bd32,147,[7001-2580-0039]  Lens Shim / FM / FM-02-061-B,[7001-2580-0039]  Lens Shim / FM / FM-02-061-B_6.0,6,2025-10-06 02:00:00,
__export__.mrp_production_4728_f118fdfa,148,[7001-2580-0040]  Window Holder / FM / FM-02-041-B,[7001-2580-0040]  Window Holder / FM / FM-02-041-B_18.0,18,2025-10-06 02:00:00,
__export__.mrp_production_4863_14ff79c8,149,[00528-02424-A]  Y force limit body / FME ,[00528-02424-A]  Y force limit body / FME _1.0,1,2025-10-08 02:00:00,
__export__.mrp_production_4864_53ebef9a,150,[00528-02426-A]  Z floating body / FME ,[00528-02426-A]  Z floating body / FME _1.0,1,2025-10-08 02:00:00,
__export__.mrp_production_4865_bdc6c519,151,[00528-02428-B]  Rear shaft support / FME,[00528-02428-B]  Rear shaft support / FME_1.0,1,2025-10-08 02:00:00,
__export__.mrp_production_4866_5df1cd14,152,[00528-02765-A]  X flexure Rx alignment tool back plate / FME,[00528-02765-A]  X flexure Rx alignment tool back plate / FME_1.0,1,2025-10-08 02:00:00,
__export__.mrp_production_4867_7e8a8e8a,153,[00528-02794-B]  Front air bearing support block / FME,[00528-02794-B]  Front air bearing support block / FME_1.0,1,2025-10-08 02:00:00,
__export__.mrp_production_4868_1a4b9c0b,154,[00528-02795-B]  Front Z moving body / FME,[00528-02795-B]  Front Z moving body / FME_1.0,1,2025-10-08 02:00:00,
__export__.mrp_production_4871_5e082f5b,155,[7005-2580-0014]  Backplate V01-00 / NFI / 27244701,[7005-2580-0014]  Backplate V01-00 / NFI / 27244701_6.0,6,2025-10-10 02:00:00,
__export__.mrp_production_4872_7bb49bea,156,[7005-2580-0015]  Baseplate V01-00 / NFI / 27244702,[7005-2580-0015]  Baseplate V01-00 / NFI / 27244702_1.0,1,2025-10-10 02:00:00,
__export__.mrp_production_4848_336bef31,157,[LD Switch Plate / VDM / P00704] LD Switch Plate / VDM / P00704 ,[LD Switch Plate / VDM / P00704] LD Switch Plate / VDM / P00704 _4.0,4,2025-10-31 01:00:00,Available
__export__.mrp_production_4849_870681e2,159,[LD 16x Inlet Plate / VDM / P00706] LD 16x Inlet Plate / VDM / P00706 ,[LD 16x Inlet Plate / VDM / P00706] LD 16x Inlet Plate / VDM / P00706 _4.0,4,2025-10-31 01:00:00,Not Available
__export__.mrp_production_4880_46e1c05c,161,[VH-C-10-100-220]  Meeneemblok,[VH-C-10-100-220]  Meeneemblok_5.0,5,2025-10-13 02:00:00,
__export__.mrp_production_4881_d8ba1b9a,162,[VH-C-10-100-221]  Steun printerbok boven,[VH-C-10-100-221]  Steun printerbok boven_5.0,5,2025-10-13 02:00:00,
__export__.mrp_production_4882_00b8fbea,163,[VH-C-10-100-222]  Afdekplaat,[VH-C-10-100-222]  Afdekplaat_5.0,5,2025-10-13 02:00:00,
__export__.mrp_production_4592_47cd4d22,164,[4512-127-05186B]  Anschlag,[4512-127-05186B]  Anschlag_1944.0,1944,2025-08-28 13:00:00,Available
__export__.mrp_production_4842_3771e7d0,166,[LD plate support left bottom / VDM / P03020] LD plate support left bottom / VDM / P03020 ,[LD plate support left bottom / VDM / P03020] LD plate support left bottom / VDM / P03020 _4.0,4,2025-10-31 01:00:00,
__export__.mrp_production_4843_0b8f9dcc,167,[LD plate support left top / VDM / P03021] LD plate support left top / VDM / P03021 ,[LD plate support left top / VDM / P03021] LD plate support left top / VDM / P03021 _4.0,4,2025-10-31 01:00:00,
__export__.mrp_production_4844_b09969ad,168,[LD plate support right bottom / VDM / P03022] LD plate support right bottom / VDM / P03022 ,[LD plate support right bottom / VDM / P03022] LD plate support right bottom / VDM / P03022 _4.0,4,2025-10-31 01:00:00,
__export__.mrp_production_4845_7f70820c,169,[LD plate support right top / VDM / P03023] LD plate support right top / VDM / P03023 ,[LD plate support right top / VDM / P03023] LD plate support right top / VDM / P03023 _4.0,4,2025-10-31 01:00:00,
__export__.mrp_production_4846_138e2f61,170,[LD Mouting Plate / VDM / P00700] LD Mouting Plate / VDM / P00700 ,[LD Mouting Plate / VDM / P00700] LD Mouting Plate / VDM / P00700 _4.0,4,2025-10-31 01:00:00,
__export__.mrp_production_4847_50bcb0aa,171,[Plate Support Upper / VDM / P00703] Plate Support Upper / VDM / P00703 ,[Plate Support Upper / VDM / P00703] Plate Support Upper / VDM / P00703 _4.0,4,2025-10-31 01:00:00,
__export__.mrp_production_4850_1ce46f76,172,[LD coverplate / VDM / P00707] LD coverplate / VDM / P00707 ,[LD coverplate / VDM / P00707] LD coverplate / VDM / P00707 _4.0,4,2025-10-31 01:00:00,
__export__.mrp_production_4888_ce0bcf78,173,[4022.706.24672]  EXE IL IXF MOD TA ADPT P BATT / HQP,[4022.706.24672]  EXE IL IXF MOD TA ADPT P BATT / HQP_8.0,8,2025-11-03 01:00:00,
__export__.mrp_production_4889_2a33f300,174,[4022.706.24682]  EXE IL IXF TA ADPT P BATT MID / HQP,[4022.706.24682]  EXE IL IXF TA ADPT P BATT MID / HQP_4.0,4,2025-11-03 01:00:00,
__export__.mrp_production_4890_fefe7d7b,175,[4022.706.05882]  EXE IL IXF MOD TA GUIDE / HQP,[4022.706.05882]  EXE IL IXF MOD TA GUIDE / HQP_16.0,16,2025-11-03 01:00:00,
__export__.mrp_production_4686_6722c6ae,176,[BD50-5085-013-C]  bracket,[BD50-5085-013-C]  bracket_40.0,40,2026-01-08 01:00:00,Available
__export__.mrp_production_4682_124f4246,177,[BD50-5075-011-E]  bracket,[BD50-5075-011-E]  bracket_40.0,40,2026-02-13 01:00:00,Available
