ProductID,ProductNumber,Name,Created
15889.0,7005-2480-0090,[7005-2480-0090]  METROFRAME BODY V02-00-B / 0119073001 ,
__export__.product_product_16215_287d75f5,5601-0000-0155,[5601-0000-0155]  ALU 5083 gegoten gzgd plaat 590x460x150,
14975.0,4022-651-55002A,[4022-651-55002A]  Gpas preamp CB Box + cover assy,
__export__.product_product_14190_b2f6cfa7,5602-0000-0023,[5602-0000-0023]  RVS 316L wgw vk 80,
16989.0,7351522,[7351522]  Impact cover-6_rev-0 alleen base voor export-AP214.step,
16893.0,1508130 B,[1508130 B]  [Q] excenter housing z,
__export__.product_product_14154_75692b32,5601-0000-0012,[5601-0000-0012]  ALU 6082 T6 plat 60x40,
14910.0,216121-0006,"[216121-0006]  fixing block, actuator",
__export__.product_product_15116_26d7d7fd,5602-0000-0037,[5602-0000-0037]  RVS 304/304L wgw plat 25x20,
14961.0,4022-637-24142,[4022-637-24142]  HINGE BLOCK FIXED RF,
__export__.product_product_14170_ab4f36b5,5602-0000-0003,[5602-0000-0003]  RVS 304/304L wgw plat 40x30,
14907.0,1082700B,[1082700B]  Block cooling water TMP,
__export__.product_product_14191_eab5834c,5602-0000-0024,[5602-0000-0024]  RVS 316L wgw plat 40x25,
14908.0,216121-0005,[216121-0005]  base wet stem quatro,
__export__.product_product_15090_ae4a700a,5601-0000-0107,[5601-0000-0107]  ALU 5754 H111 gzgd plaat 60x50x50,
15021.0,4522-980-37891,[4522-980-37891]  Filterplate al 5,
__export__.product_product_15101_5dce5b8d,5601-0000-0118,[5601-0000-0118]  ALU 99.5 40HV UN-T136 plaat 145x145x6,
7366.0,4022.622.61092,[4022.622.61092]  RH RED GRIPPER CABLE COVER ,
__export__.product_product_14485_407ff3ad,5602-0000-0031,[5602-0000-0031]  RVS 316L wgw plat 80x20,
14895.0,00429-00-662-B,[00429-00-662-B]  Arret lever,
__export__.product_product_14149_55705e3a,5601-0000-0007,[5601-0000-0007]  ALU 6082 T6 vk 30,
15022.0,4598-008-08901B POS 1,[4598-008-08901B POS 1]  CEILING INLET*,
__export__.product_product_15108_e3fe93a6,5990-0000-0013,[5990-0000-0013]  EPRAFORM PC helder rond Ã˜125,
18212.0,100160036,[100160036]  EPSON-i3200_InksupplyUpperplate8Channel / SUSS,
__export__.product_product_18353_f07b016c,5608-0000-0006,[5608-0000-0006]  PEEK naturel gzgd plaat 465x150x10 / Victrex ,
7034.0,4022.632.63021,[4022.632.63021]  WTP LOCKING NUT,
__export__.product_product_17313_9cdb5eb7,5602-0000-0058,[5602-0000-0058]  RVS 303 (1.4305) wgw geschild rond dia 40,
18304.0,22203901,[22203901]   WSS alignment tool base V02-01 / NFI,
__export__.product_product_18408_336c82d0,5601-0000-0204,[5601-0000-0204]  ALU 6082 T651 (wgw) gzgd plaat 500x300x80,
14892.0,00385-00-346-A,[00385-00-346-A]  Plint fixing strip right,
__export__.product_product_14199_79840166,5603-0000-0004,[5603-0000-0004]  STAAL S235JRC+C blank plat 30x20,
14886.0,00385-00-102-C,[00385-00-102-C]  Height bearing clamp plate,
__export__.product_product_14198_828edea3,5603-0000-0003,[5603-0000-0003]  STAAL S355J2C+C ngl plat 50x20,
17481.0,4022.689.94931,[4022.689.94931]  RH RED DP PT LOWER COVER ,
__export__.product_product_17605_d1ef1d9f,5601-0000-0182,[5601-0000-0182]  ALU 5083 (O3) gegoten 6z gezaagd plaat 570x350x50,
17484.0,4022.689.94981,[4022.689.94981]  RH RED DP PT UPPER COVER ,
__export__.product_product_17604_d75bd19d,5601-0000-0181,[5601-0000-0181]  ALU 5083 (O3) gegoten 6z gezaagd plaat 610x350x30,
17465.0,4022.693.44221,[4022.693.44221]  RH BACK PLATE ATM RTIPCA ,
__export__.product_product_14407_1cda6887,5601-0000-0051,[5601-0000-0051]  ALU 5083 H111 (wgw) gzgd plaat 200x15,
17477.0,4022.693.44241,[4022.693.44241]  RH EMI SHIELD ATM RTIPCA,
17459.0,4022.623.82781,[4022.623.82781]  RH EMI SHIELD VAC RTIPCA ,
18475.0,7001-2540-0010,[7001-2540-0010]  12i Shield Mounting Block / FM / FM7031-M00033-B,
__export__.product_product_18569_1917b1b9,5602-0000-0073,[5602-0000-0073]  RVS 304/304L gzgd plaat 200x100x20,
17519.0,E06581,[E06581]  4598-013-97781 WA2 VIBRATION PAD LEFT SPACER blauw,
__export__.product_product_17606_b972fa2d,5601-0000-0183,[5601-0000-0183]  ALU 6082 T651 (wgw) gzgd plaat 142x142x20,
18500.0,flowteq koke,[flowteq koke] flowteq koker,
14976.0,4022-656-73531,[4022-656-73531]  Pipe clamp exhaust FW 1980,
__export__.product_product_14180_b574d432,5602-0000-0013,[5602-0000-0013]  RVS 304/304L blank plat 50x8,
14958.0,4022-635-87291,[4022-635-87291]  HANDLE,
__export__.product_product_14168_8e5a951b,5602-0000-0001,[5602-0000-0001]  RVS 304/304L blank plat 25x12,
14954.0,4022-631-99701,[4022-631-99701]  LCW ABS PRES SENS CONN BLOCK,
__export__.product_product_14178_606b24aa,5602-0000-0011,[5602-0000-0011]  RVS 304/304L wgw vk 50,
15041.0,M0216-01-091-A,[M0216-01-091-A]  Bev. Klitteband,
__export__.product_product_15094_490f9528,5601-0000-0111,[5601-0000-0111]  ALU 6060 T66 plat 30x5,
14888.0,00385-00-274-D,[00385-00-274-D]  Filling block,
__export__.product_product_14152_7df8680e,5601-0000-0010,[5601-0000-0010]  ALU 6082 T6 vk 70,
14890.0,00385-00-321-A,[00385-00-321-A]  Plint fixing strip left,
14891.0,00385-00-329-A,[00385-00-329-A]  End plate finger safety hinge,
__export__.product_product_14201_02d1168d,5603-0000-0006,[5603-0000-0006]  STAAL S235JRC+C blank plat 20x5,
17087.0,000750458,[000750458]  Mounting Block for Flight,
__export__.product_product_17624_73707cca,5602-0000-0064,[5602-0000-0064]  RVS 304/304L wgw vk 35,
18142.0,7005-2580-0017,[7005-2580-0017]  GP Z-Adjustment Lever V02-01 / 26241001,
__export__.product_product_16616_0f026687,5602-0000-0051,[5602-0000-0051]  RVS 304/304L wgw plat 90x20,
16257.0,7005-2580-0005,[7005-2580-0005]  Single Rail V01-00-A / IGUS / WSQ-06S,
__export__.product_product_16262_062fd235,Single rail WSQ - not drilled / IGUS / WSQ-06,[Single rail WSQ - not drilled / IGUS / WSQ-06] Single rail WSQ - not drilled / IGUS / WSQ-06S,
14923.0,4022-335-71012,[4022-335-71012]  filter holder,
__export__.product_product_14167_a3f963d3,5604-0000-0004,[5604-0000-0004]  MESSING CuZn40Pb2 plat 20x10,
17993.0,7005-2580-0015,[7005-2580-0015]  Baseplate V01-00 / NFI / 27244702,
__export__.product_product_17008_b36cccae,5601-0000-0175,[5601-0000-0175]  ALU 5083 gegoten 6 zijdig gezaagd 520x250x45,
18484.0,7007-2500-0005,[7007-2500-0005]  TL 1 - Feet Dark / IAH / 105886,
__export__.product_product_17403_35732fb0,5601-0000-0180,[5601-0000-0180]  ALU 5083 H111 (wgw) gzgd plaat 310x282x35,
14210.0,4022.704.19282,[4022.704.19282]  RH RED GRIPPER BODY,
__export__.product_product_17381_95528666,5602-0000-0060,[5602-0000-0060]  RVS 316/316L gzgd plaat 210x105x30 (tol. -0/+3mm),
14894.0,00429-00-249-A,[00429-00-249-A]  Plint adjust strip,
__export__.product_product_15106_3345092e,5603-0000-0013,"[5603-0000-0013]  S235JRC+C blank plat 40x10 (ca 3-3,5 mtr)",
14932.0,4022-456-08803,[4022-456-08803]  LENSGAS INTERFACE BLOCK,
__export__.product_product_15120_10aecd71,5602-0000-0041,[5602-0000-0041]  RVS 430F blank rond 50h9,
18558.0,100161448,[100161448]  Modified part of Enclose extrud alu_145 / SUSS / HAMMOND-1457U2801,
18261.0,4022.684.28993,[4022.684.28993]  RS C+H SLAB STAT PLT IL SIDE / CLS,
18342.0,4022.684.29043,[4022.684.29043]  RS C+H DYN ATTACH PLT IL SIDE / CLS,
18348.0,4022.684.28962,[4022.684.28962]  RS C+H DYN ATTACH PLT RH SIDE / CLS,
18349.0,4022.684.28842,[4022.684.28842]  RS C+H SLAB STAT PLT RH SIDE / CLS,
18350.0,4022.656.37971,[4022.656.37971]  UXL2 DGF QCK CONNECT MANIFOLD / CLS,
16115.0,4022.622.61941,[4022.622.61941]  RH RED FRAME -X COVER,
__export__.product_product_16323_9b13f8a6,5601-0000-0161,[5601-0000-0161]  ALU 6082 T651 (wgw) gzgd plaat 500x365x100 ,
18592.0,Z5191180,[Z5191180]  Z5191180,
18481.0,Z4611960,[Z4611960]  Z4611960,
18482.0,Z4610530,[Z4610530]  Z4610530,
14985.0,4022-666-3837-1,[4022-666-3837-1]  LSPH Bellow Clamp,
__export__.product_product_15112_c44437c2,5990-0000-0017,[5990-0000-0017]  LSPH Bellow Clamp cutout,
18572.0,FM3001-M00050,[FM3001-M00050]  SPG PG Top Plate / FM / FM3001-M00050,
18573.0,FM3001-M00051,[FM3001-M00051]  SPS PG Bottom Plate / FM / FM3001-M00051,
18574.0,FM3001-M00055,[FM3001-M00055]  SPG PG Pancake Ejector Ring / FM / FM3001-M00055,
18575.0,FM3001-M00057,[FM3001-M00057]  SPG SE Side Plate / FM / FM3001-M00057,
18576.0,FM3001-M00059,[FM3001-M00059]  SPS SE Intermediate Joint / FM / FM3001-M00059,
18577.0,FM3001-M00061,[FM3001-M00061]  SPS SE Guide Block / FM / FM3001-M00061,
18578.0,FM3001-M00062,[FM3001-M00062]  SPS SE Pivotting Arm / FM / FM3001-M00062,
18579.0,FM3001-M00063,[FM3001-M00063]  SPS SE Ejector Joint / FM / FM3001-M00063,
14969.0,4022-637-68442,[4022-637-68442]  IH HINGE BRACKET TOP HINGE,
__export__.product_product_14206_bee047c5,5603-0000-0011,[5603-0000-0011]  STAAL S355J2C+C ngl plat 60x40,
15576.0,4022-637-44661,[4022-637-44661]  Hinge block 7c-e rr ,
16312.0,4022-631-06691,[4022-631-06691]  Hinge Block Front rm2,
14918.0,4022-333-19505,[4022-333-19505]  BRIL,
__export__.product_product_15109_d51d8015,5990-0000-0014,[5990-0000-0014]  EPRATEX PF CC201 180x140x10,
14962.0,4022-637-24191,[4022-637-24191]  HINGE BLOCK RF,
__export__.product_product_14176_d2113b2d,5602-0000-0009,[5602-0000-0009]  RVS 304/304L wgw plat 100x20,
18600.0,DW-00-001,[DW-00-001]  Battery cover / DW,
18601.0,DW-00-002,[DW-00-002]  Nose cover - DW,
18602.0,DW-00-003,[DW-00-003]  Parachute Cover - DW,
18603.0,DW-00-006-001,[DW-00-006-001]  DW-00-006-001 / DW,
18604.0,DW-00-006-002,[DW-00-006-002]  DW-00-006-002 / DW,
18605.0,DW-00-007-001,[DW-00-007-001]  DW-00-007-001  / DW,
18606.0,DW-00-007-002,[DW-00-007-002]  DW-00-007-002 / DW,
18078.0,4022.706.05882,[4022.706.05882]  EXE IL IXF MOD TA GUIDE / HQP,
__export__.product_product_18250_19c78435,5601-0000-0203,[5601-0000-0203]  ALU 5083 H111 (wgw) gzgd plaat 645x75x50,
18565.0,4022.719.28491,[4022.719.28491]  HALFFAB M PLATE SST 150x40x15 / HQP / 104018451,
18566.0,4022.719.44971,[4022.719.44971]  HALFFAB M CL SP SST 150x30x159 / HQP / 104018452,
